,country,date,"GNI per capita, Atlas method (current US$)","Fertility rate, total (births per woman)","Life expectancy at birth, total (years)","Mortality rate, under-5 (per 1,000 live births)","Unemployment, total (% of total labor force) (modeled ILO estimate)"
1,Argentina,2021,9960.0,1.885,75.39,6.9,8.74
2,Argentina,2020,9010.0,1.911,75.892,7.7,11.46
3,Argentina,2019,11220.0,1.994,77.284,8.6,9.84
4,Argentina,2018,12430.0,2.039,76.999,9.5,9.22
5,Argentina,2017,13140.0,2.168,76.833,10.3,8.35
6,Argentina,2016,12220.0,2.241,76.308,11.0,8.109
7,Argentina,2015,12600.0,2.301,76.76,11.6,7.524
8,Argentina,2014,12350.0,2.312,76.755,12.2,7.27
9,Argentina,2013,12870.0,2.322,76.491,12.7,7.1
10,Argentina,2012,11890.0,2.33,76.467,13.3,7.22
11,Argentina,2011,10710.0,2.338,76.124,13.9,7.18
12,Argentina,2010,9270.0,2.346,75.721,14.5,7.71
13,Argentina,2009,7760.0,2.344,75.936,15.0,8.65
14,Argentina,2008,7630.0,2.341,75.641,15.4,7.84
15,Argentina,2007,6480.0,2.37,75.006,15.7,8.47
16,Argentina,2006,5460.0,2.4,75.433,16.1,10.08
17,Argentina,2005,4240.0,2.426,75.139,16.6,11.51
18,Argentina,2004,3360.0,2.43,74.855,17.1,13.52
19,Argentina,2003,3640.0,2.451,74.08,17.7,15.36
20,Argentina,2002,4020.0,2.493,74.408,18.3,19.59
21,Argentina,2001,6960.0,2.531,74.186,19.0,17.32
22,Argentina,2000,7430.0,2.591,73.926,19.7,15.0
23,Argentina,1999,7540.0,2.643,73.722,20.4,14.05
24,Argentina,1998,7990.0,2.662,73.474,21.3,12.65
25,Argentina,1997,8110.0,2.706,73.09,22.2,14.82
26,Argentina,1996,7700.0,2.781,73.307,23.2,17.11
27,Argentina,1995,7340.0,2.864,73.133,24.3,18.8
28,Argentina,1994,7600.0,2.935,73.172,25.4,11.76
29,Argentina,1993,7110.0,2.966,72.565,26.5,10.1
30,Argentina,1992,6060.0,2.987,72.43,27.6,6.36
31,Argentina,1991,3860.0,3.012,72.319,28.3,5.44
32,Argentina,1990,3180.0,3.034,71.784,28.8,
64,Antigua and Barbuda,2021,15780.0,1.58,78.497,6.1,
65,Antigua and Barbuda,2020,14530.0,1.569,78.841,6.4,
66,Antigua and Barbuda,2019,17310.0,1.468,78.691,6.6,
67,Antigua and Barbuda,2018,16680.0,1.371,78.511,6.8,
68,Antigua and Barbuda,2017,15000.0,1.485,78.268,7.1,
69,Antigua and Barbuda,2016,14170.0,1.458,78.152,7.4,
70,Antigua and Barbuda,2015,13370.0,1.567,77.913,7.7,
71,Antigua and Barbuda,2014,13230.0,1.526,77.858,8.1,
72,Antigua and Barbuda,2013,13040.0,1.537,77.583,8.6,
73,Antigua and Barbuda,2012,13180.0,1.655,77.35,9.0,
74,Antigua and Barbuda,2011,12730.0,1.746,77.104,9.5,
75,Antigua and Barbuda,2010,13030.0,1.785,76.82,10.1,
76,Antigua and Barbuda,2009,13960.0,2.006,76.669,10.6,
77,Antigua and Barbuda,2008,15650.0,2.042,76.41,11.2,
78,Antigua and Barbuda,2007,15460.0,1.86,76.131,11.7,
79,Antigua and Barbuda,2006,14120.0,1.831,75.765,12.3,
80,Antigua and Barbuda,2005,12670.0,1.832,75.825,12.9,
81,Antigua and Barbuda,2004,11650.0,1.852,75.672,13.5,
82,Antigua and Barbuda,2003,10700.0,1.887,75.478,14.1,
83,Antigua and Barbuda,2002,9800.0,1.94,75.536,14.7,
84,Antigua and Barbuda,2001,9980.0,2.018,75.078,15.1,
85,Antigua and Barbuda,2000,10220.0,2.196,74.606,15.5,
86,Antigua and Barbuda,1999,9720.0,1.956,74.347,15.8,
87,Antigua and Barbuda,1998,9360.0,2.017,74.041,16.0,
88,Antigua and Barbuda,1997,9140.0,2.19,73.96,16.1,
89,Antigua and Barbuda,1996,8750.0,2.266,73.829,16.0,
90,Antigua and Barbuda,1995,8170.0,2.159,73.636,15.7,
91,Antigua and Barbuda,1994,8470.0,2.069,73.591,15.5,
92,Antigua and Barbuda,1993,7950.0,2.036,73.482,15.1,
93,Antigua and Barbuda,1992,7440.0,2.126,73.417,14.7,
94,Antigua and Barbuda,1991,7200.0,2.036,73.435,14.4,
95,Antigua and Barbuda,1990,6730.0,2.249,73.492,14.1,
127,"Bahamas, The",2021,26490.0,1.389,71.598,13.2,11.665
128,"Bahamas, The",2020,23500.0,1.394,72.677,13.3,12.867
129,"Bahamas, The",2019,31210.0,1.398,71.205,23.4,10.051
130,"Bahamas, The",2018,29810.0,1.412,73.806,13.5,10.0
131,"Bahamas, The",2017,29260.0,1.426,73.632,13.6,9.8
132,"Bahamas, The",2016,27610.0,1.496,73.537,13.8,12.7
133,"Bahamas, The",2015,27450.0,1.576,73.104,13.9,12.0
134,"Bahamas, The",2014,26840.0,1.673,73.366,14.1,13.8
135,"Bahamas, The",2013,26280.0,1.51,73.024,14.4,16.18
136,"Bahamas, The",2012,27200.0,1.744,72.753,14.7,14.02
137,"Bahamas, The",2011,26540.0,1.739,72.564,15.1,14.52
138,"Bahamas, The",2010,26900.0,1.835,72.731,15.4,14.321
139,"Bahamas, The",2009,27530.0,2.009,72.579,15.8,14.25
140,"Bahamas, The",2008,29270.0,1.99,72.667,16.2,8.18
141,"Bahamas, The",2007,29330.0,1.852,72.678,16.5,7.88
142,"Bahamas, The",2006,28870.0,1.786,72.855,16.8,7.54
143,"Bahamas, The",2005,28560.0,2.05,72.765,16.9,10.2
144,"Bahamas, The",2004,27200.0,1.932,72.478,16.9,10.2
145,"Bahamas, The",2003,25680.0,1.921,72.402,16.8,10.84
146,"Bahamas, The",2002,25040.0,1.998,72.232,16.6,9.05
147,"Bahamas, The",2001,24390.0,2.088,72.11,16.4,6.87
148,"Bahamas, The",2000,24170.0,2.097,72.041,16.3,7.196
149,"Bahamas, The",1999,22170.0,2.133,71.771,16.3,7.45
150,"Bahamas, The",1998,15490.0,2.335,71.456,16.6,7.65
151,"Bahamas, The",1997,14070.0,2.399,71.054,17.0,9.76
152,"Bahamas, The",1996,14840.0,2.36,70.71,17.7,11.46
153,"Bahamas, The",1995,13340.0,2.504,70.763,18.5,10.83
154,"Bahamas, The",1994,10880.0,2.482,70.851,19.4,13.83
155,"Bahamas, The",1993,10640.0,2.728,70.656,20.4,12.72
156,"Bahamas, The",1992,10900.0,2.793,70.668,21.4,14.81
157,"Bahamas, The",1991,10710.0,2.604,69.616,22.4,12.17
158,"Bahamas, The",1990,11230.0,2.527,70.133,23.5,
190,Belize,2021,6070.0,2.01,70.47,11.2,10.29
191,Belize,2020,5210.0,1.999,72.854,11.7,10.788
192,Belize,2019,5890.0,2.106,73.931,12.3,9.05
193,Belize,2018,5660.0,2.345,73.703,13.0,7.814
194,Belize,2017,5520.0,2.36,73.562,13.7,6.6
195,Belize,2016,5650.0,2.394,73.399,14.5,7.0
196,Belize,2015,5770.0,2.438,73.187,15.3,7.58
197,Belize,2014,5610.0,2.491,73.311,16.1,8.24
198,Belize,2013,5510.0,2.53,73.666,16.9,8.35
199,Belize,2012,5250.0,2.555,73.245,17.7,8.308
200,Belize,2011,5090.0,2.585,72.651,18.4,8.284
201,Belize,2010,5000.0,2.606,72.272,18.9,8.244
202,Belize,2009,5230.0,2.701,71.819,19.5,8.244
203,Belize,2008,5120.0,2.799,71.151,19.9,8.18
204,Belize,2007,5150.0,2.874,70.655,20.3,8.51
205,Belize,2006,5110.0,2.982,70.093,20.6,9.39
206,Belize,2005,4990.0,3.129,69.376,20.9,10.91
207,Belize,2004,4940.0,3.207,69.227,21.3,10.594
208,Belize,2003,4760.0,3.321,68.909,21.7,10.257
209,Belize,2002,4490.0,3.465,68.752,22.2,10.04
210,Belize,2001,4400.0,3.554,68.357,22.9,9.07
211,Belize,2000,4400.0,3.634,68.564,23.6,10.869
212,Belize,1999,3990.0,3.714,68.773,24.5,12.84
213,Belize,1998,3830.0,3.785,68.599,25.4,14.31
214,Belize,1997,3930.0,3.854,69.212,26.5,12.68
215,Belize,1996,3910.0,3.852,69.806,27.6,13.82
216,Belize,1995,3900.0,3.948,69.887,28.9,12.48
217,Belize,1994,3810.0,3.999,70.316,30.4,11.1
218,Belize,1993,3840.0,4.198,69.988,32.1,9.78
219,Belize,1992,3690.0,4.348,69.979,34.0,9.716
220,Belize,1991,3020.0,4.483,70.248,36.1,9.73
221,Belize,1990,2550.0,4.698,70.744,38.4,
253,Bolivia,2021,3290.0,2.618,63.63,24.7,5.09
254,Bolivia,2020,3120.0,2.651,64.467,25.6,7.9
255,Bolivia,2019,3440.0,2.688,67.841,26.6,3.68
256,Bolivia,2018,3290.0,2.73,67.748,27.7,3.52
257,Bolivia,2017,3020.0,2.777,67.701,28.9,3.65
258,Bolivia,2016,2970.0,2.829,67.628,30.2,3.5
259,Bolivia,2015,2900.0,2.886,67.318,31.6,3.11
260,Bolivia,2014,2780.0,2.947,67.163,33.3,2.02
261,Bolivia,2013,2540.0,3.01,67.021,35.2,2.44
262,Bolivia,2012,2210.0,3.076,66.705,37.3,2.07
263,Bolivia,2011,1970.0,3.143,66.534,39.5,2.25
264,Bolivia,2010,1750.0,3.213,66.162,41.9,2.614
265,Bolivia,2009,1600.0,3.287,65.88,44.4,2.97
266,Bolivia,2008,1450.0,3.364,65.446,47.1,2.6
267,Bolivia,2007,1210.0,3.447,65.027,50.0,2.643
268,Bolivia,2006,1090.0,3.533,64.779,53.1,2.575
269,Bolivia,2005,1000.0,3.558,64.386,56.3,2.543
270,Bolivia,2004,940.0,3.633,64.004,59.8,2.503
271,Bolivia,2003,890.0,3.721,63.635,63.5,2.533
272,Bolivia,2002,900.0,3.802,63.306,67.3,2.49
273,Bolivia,2001,940.0,3.89,62.843,71.4,2.479
274,Bolivia,2000,960.0,3.991,62.346,75.6,2.373
275,Bolivia,1999,950.0,4.09,61.871,80.0,2.432
276,Bolivia,1998,970.0,4.149,61.332,84.6,2.13
277,Bolivia,1997,930.0,4.219,60.752,89.2,2.08
278,Bolivia,1996,880.0,4.336,60.084,93.7,2.44
279,Bolivia,1995,830.0,4.409,59.534,98.3,2.752
280,Bolivia,1994,790.0,4.494,58.989,102.8,3.08
281,Bolivia,1993,770.0,4.592,58.418,107.4,3.089
282,Bolivia,1992,740.0,4.713,57.629,112.1,3.262
283,Bolivia,1991,720.0,4.81,57.097,116.7,2.98
284,Bolivia,1990,700.0,4.89,56.422,121.5,
316,Brazil,2021,7740.0,1.641,72.75,14.4,13.34
317,Brazil,2020,7820.0,1.649,74.009,14.7,13.93
318,Brazil,2019,9220.0,1.703,75.338,14.9,12.05
319,Brazil,2018,9140.0,1.749,75.109,15.2,12.46
320,Brazil,2017,8670.0,1.736,74.827,15.4,12.93
321,Brazil,2016,8890.0,1.709,74.442,16.7,11.74
322,Brazil,2015,10160.0,1.777,74.332,15.9,8.56
323,Brazil,2014,12080.0,1.767,74.306,16.3,6.76
324,Brazil,2013,12750.0,1.748,73.918,16.7,7.07
325,Brazil,2012,12270.0,1.767,73.552,17.2,7.25
326,Brazil,2011,11050.0,1.8,73.343,17.9,7.58
327,Brazil,2010,9610.0,1.81,73.182,18.6,8.034
328,Brazil,2009,8300.0,1.825,72.948,19.6,9.42
329,Brazil,2008,7590.0,1.842,72.715,20.6,8.27
330,Brazil,2007,6170.0,1.881,72.365,21.8,9.28
331,Brazil,2006,4830.0,1.927,72.037,23.2,9.69
332,Brazil,2005,3980.0,1.974,71.753,24.8,10.55
333,Brazil,2004,3340.0,2.002,71.131,26.5,10.07
334,Brazil,2003,2980.0,2.023,70.72,28.4,11.17
335,Brazil,2002,3080.0,2.103,70.41,30.4,10.64
336,Brazil,2001,3330.0,2.183,70.195,32.5,10.65
337,Brazil,2000,3910.0,2.255,69.737,34.7,10.53
338,Brazil,1999,4190.0,2.331,69.524,37.0,11.13
339,Brazil,1998,4920.0,2.409,69.189,39.5,10.15
340,Brazil,1997,5060.0,2.465,68.813,42.2,9.0
341,Brazil,1996,4370.0,2.516,68.409,45.0,8.03
342,Brazil,1995,3400.0,2.579,67.919,48.0,7.09
343,Brazil,1994,2590.0,2.617,67.568,51.1,6.47
344,Brazil,1993,2290.0,2.672,67.109,54.3,6.03
345,Brazil,1992,2320.0,2.719,66.708,57.4,6.42
346,Brazil,1991,2360.0,2.815,66.31,60.4,6.366
347,Brazil,1990,2170.0,2.905,65.985,63.2,
379,Barbados,2021,16900.0,1.633,77.571,11.9,9.582
380,Barbados,2020,16230.0,1.628,77.393,12.3,10.105
381,Barbados,2019,17630.0,1.623,77.257,12.7,8.41
382,Barbados,2018,17020.0,1.619,77.067,13.0,8.32
383,Barbados,2017,16490.0,1.615,76.936,13.4,8.62
384,Barbados,2016,16350.0,1.613,76.815,13.8,8.25
385,Barbados,2015,16170.0,1.614,76.65,14.1,9.8
386,Barbados,2014,16050.0,1.62,76.476,14.4,12.17
387,Barbados,2013,16080.0,1.63,76.275,14.6,11.55
388,Barbados,2012,16150.0,1.645,76.099,14.7,11.59
389,Barbados,2011,15450.0,1.665,75.917,14.9,11.19
390,Barbados,2010,15960.0,1.687,75.712,15.0,10.69
391,Barbados,2009,16160.0,1.711,75.678,15.1,10.02
392,Barbados,2008,16600.0,1.735,75.447,15.3,8.12
393,Barbados,2007,15940.0,1.757,75.342,15.5,7.41
394,Barbados,2006,14610.0,1.775,75.068,15.6,8.73
395,Barbados,2005,13580.0,1.788,74.89,15.7,9.08
396,Barbados,2004,12600.0,1.795,74.727,15.8,9.57
397,Barbados,2003,11590.0,1.797,74.472,15.7,11.0
398,Barbados,2002,10930.0,1.793,74.366,15.6,10.32
399,Barbados,2001,10910.0,1.785,74.247,15.4,9.85
400,Barbados,2000,11060.0,1.775,74.089,15.2,9.35
401,Barbados,1999,10050.0,1.762,74.039,15.0,10.61
402,Barbados,1998,9630.0,1.75,73.728,14.8,12.4
403,Barbados,1997,9220.0,1.74,73.547,14.8,14.61
404,Barbados,1996,8840.0,1.732,73.546,14.9,14.71
405,Barbados,1995,8460.0,1.727,73.298,15.2,19.66
406,Barbados,1994,8100.0,1.725,73.211,15.5,22.98
407,Barbados,1993,7770.0,1.725,73.19,16.0,24.54
408,Barbados,1992,7540.0,1.728,72.915,16.7,22.94
409,Barbados,1991,7640.0,1.733,72.843,17.4,22.683
410,Barbados,1990,7660.0,1.74,72.752,18.1,
442,Chile,2021,14780.0,1.537,78.944,6.6,9.35
443,Chile,2020,12990.0,1.537,79.377,6.9,11.14
444,Chile,2019,14830.0,1.545,80.326,7.1,7.27
445,Chile,2018,14600.0,1.564,80.133,7.4,7.21
446,Chile,2017,13340.0,1.598,80.35,7.6,6.95
447,Chile,2016,13440.0,1.676,80.079,7.8,6.73
448,Chile,2015,14210.0,1.737,79.746,8.0,6.49
449,Chile,2014,14830.0,1.774,79.473,8.1,6.65
450,Chile,2013,15230.0,1.786,79.339,8.3,6.2
451,Chile,2012,14310.0,1.798,79.023,8.4,6.64
452,Chile,2011,11970.0,1.823,79.11,8.5,7.32
453,Chile,2010,10820.0,1.844,78.501,8.7,8.41
454,Chile,2009,9980.0,1.855,78.741,8.8,11.31
455,Chile,2008,10060.0,1.85,78.484,8.9,9.29
456,Chile,2007,8790.0,1.826,77.826,8.9,8.43
457,Chile,2006,7430.0,1.803,78.261,9.0,9.02
458,Chile,2005,6270.0,1.803,78.016,9.1,9.34
459,Chile,2004,5260.0,1.826,77.616,9.3,10.16
460,Chile,2003,4620.0,1.873,77.387,9.5,9.77
461,Chile,2002,4570.0,1.935,77.445,9.8,10.17
462,Chile,2001,4820.0,1.961,76.773,10.3,10.39
463,Chile,2000,5080.0,1.987,76.87,10.9,10.49
464,Chile,1999,5150.0,2.044,76.018,11.5,11.16
465,Chile,1998,5520.0,2.112,75.669,11.9,7.31
466,Chile,1997,5610.0,2.177,75.596,12.2,7.14
467,Chile,1996,5070.0,2.245,74.899,12.5,7.41
468,Chile,1995,4410.0,2.303,74.609,13.1,4.7
469,Chile,1994,3720.0,2.377,74.614,13.9,5.87
470,Chile,1993,3430.0,2.43,74.195,15.0,4.49
471,Chile,1992,3100.0,2.478,74.135,16.2,4.35
472,Chile,1991,2590.0,2.558,73.574,17.6,5.23
473,Chile,1990,2340.0,2.579,72.574,19.1,
505,Colombia,2021,6190.0,1.717,72.83,12.8,13.9
506,Colombia,2020,5820.0,1.737,74.769,13.3,15.04
507,Colombia,2019,6590.0,1.765,76.752,13.7,9.96
508,Colombia,2018,6320.0,1.787,76.748,14.1,9.11
509,Colombia,2017,6010.0,1.818,76.646,14.6,8.87
510,Colombia,2016,6530.0,1.843,76.471,15.1,8.69
511,Colombia,2015,7400.0,1.863,76.257,15.6,8.3
512,Colombia,2014,8260.0,1.883,76.043,16.1,8.57
513,Colombia,2013,8000.0,1.905,75.827,16.7,9.05
514,Colombia,2012,7340.0,1.93,75.597,17.2,9.74
515,Colombia,2011,6370.0,1.958,75.32,17.8,10.11
516,Colombia,2010,5680.0,1.992,75.033,18.4,10.98
517,Colombia,2009,5190.0,2.033,74.742,19.0,11.32
518,Colombia,2008,4760.0,2.081,74.295,19.6,10.52
519,Colombia,2007,4170.0,2.137,73.837,20.2,10.25
520,Colombia,2006,3540.0,2.198,73.468,20.9,10.963
521,Colombia,2005,3030.0,2.263,73.081,21.5,11.87
522,Colombia,2004,2640.0,2.33,72.695,22.2,13.72
523,Colombia,2003,2400.0,2.395,72.361,22.8,14.19
524,Colombia,2002,2400.0,2.458,71.939,23.6,15.63
525,Colombia,2001,2350.0,2.516,71.502,24.3,15.04
526,Colombia,2000,2360.0,2.572,71.32,25.1,20.52
527,Colombia,1999,2360.0,2.627,70.926,25.9,20.06
528,Colombia,1998,2590.0,2.683,70.738,26.8,15.0
529,Colombia,1997,2690.0,2.742,70.492,27.8,12.14
530,Colombia,1996,2570.0,2.802,70.189,28.8,11.81
531,Colombia,1995,2380.0,2.862,69.933,29.9,8.72
532,Colombia,1994,2080.0,2.918,69.613,31.0,8.25
533,Colombia,1993,1760.0,2.967,69.342,32.1,7.8
534,Colombia,1992,1590.0,3.01,69.038,33.2,9.44
535,Colombia,1991,1400.0,3.047,68.813,34.4,10.12
536,Colombia,1990,1350.0,3.082,68.644,35.6,
568,Costa Rica,2021,12310.0,1.533,77.023,7.6,15.14
569,Costa Rica,2020,11520.0,1.555,79.277,7.9,16.43
570,Costa Rica,2019,12040.0,1.632,79.427,8.2,10.81
571,Costa Rica,2018,11880.0,1.709,79.484,8.4,9.01
572,Costa Rica,2017,11400.0,1.74,79.377,8.7,7.73
573,Costa Rica,2016,11000.0,1.754,79.459,8.9,8.09
574,Costa Rica,2015,10610.0,1.79,79.086,9.1,8.42
575,Costa Rica,2014,10250.0,1.819,78.774,9.3,8.5
576,Costa Rica,2013,9840.0,1.838,79.403,9.6,8.22
577,Costa Rica,2012,9190.0,1.876,79.283,9.9,9.11
578,Costa Rica,2011,8020.0,1.902,79.348,10.2,9.52
579,Costa Rica,2010,7190.0,1.928,78.67,10.5,7.17
580,Costa Rica,2009,6480.0,1.982,78.672,10.7,7.71
581,Costa Rica,2008,6350.0,2.021,78.445,10.9,4.78
582,Costa Rica,2007,5630.0,2.012,78.462,11.1,4.49
583,Costa Rica,2006,5020.0,2.014,78.514,11.2,5.74
584,Costa Rica,2005,4610.0,2.044,78.505,11.3,6.57
585,Costa Rica,2004,4350.0,2.078,78.331,11.5,6.39
586,Costa Rica,2003,4000.0,2.137,78.072,11.8,6.56
587,Costa Rica,2002,3750.0,2.2,77.983,12.1,6.33
588,Costa Rica,2001,3660.0,2.325,77.545,12.6,5.92
589,Costa Rica,2000,3560.0,2.412,77.586,13.1,5.08
590,Costa Rica,1999,3450.0,2.48,77.138,13.6,5.9
591,Costa Rica,1998,3390.0,2.534,76.896,14.1,5.33
592,Costa Rica,1997,3330.0,2.64,77.07,14.5,5.68
593,Costa Rica,1996,3220.0,2.71,76.804,14.7,6.16
594,Costa Rica,1995,3160.0,2.804,76.552,14.9,5.18
595,Costa Rica,1994,2950.0,2.888,76.67,15.1,4.05
596,Costa Rica,1993,2710.0,2.964,76.703,15.4,3.95
597,Costa Rica,1992,2320.0,3.037,76.627,15.7,3.93
598,Costa Rica,1991,1930.0,3.119,76.591,16.2,5.37
599,Costa Rica,1990,1720.0,3.205,76.63,16.9,
631,Cuba,2021,,1.442,73.683,5.0,1.473
632,Cuba,2020,,1.5,77.567,5.1,1.4
633,Cuba,2019,8920.0,1.551,77.611,5.2,1.2
634,Cuba,2018,8630.0,1.631,77.496,5.3,1.7
635,Cuba,2017,7950.0,1.593,77.529,5.4,1.7
636,Cuba,2016,7480.0,1.609,77.643,5.5,2.0
637,Cuba,2015,7220.0,1.694,77.772,5.7,2.4
638,Cuba,2014,6820.0,1.663,77.853,5.8,2.7
639,Cuba,2013,6620.0,1.688,77.87,5.9,3.29
640,Cuba,2012,6080.0,1.681,77.833,6.0,3.46
641,Cuba,2011,5590.0,1.756,77.76,6.2,3.18
642,Cuba,2010,5170.0,1.693,77.661,6.4,2.5
643,Cuba,2009,5090.0,1.688,77.548,6.5,1.67
644,Cuba,2008,5040.0,1.575,77.429,6.7,1.58
645,Cuba,2007,4740.0,1.428,77.307,6.9,1.79
646,Cuba,2006,4410.0,1.39,77.179,7.2,1.91
647,Cuba,2005,3970.0,1.468,77.047,7.4,1.95
648,Cuba,2004,3500.0,1.517,76.912,7.6,1.85
649,Cuba,2003,3100.0,1.589,76.773,7.9,2.33
650,Cuba,2002,2830.0,1.608,76.612,8.2,3.31
651,Cuba,2001,2760.0,1.563,76.421,8.5,4.08
652,Cuba,2000,2620.0,1.581,76.183,8.8,5.45
653,Cuba,1999,2400.0,1.618,75.893,9.2,6.26
654,Cuba,1998,2240.0,1.588,75.564,9.5,6.23
655,Cuba,1997,2500.0,1.563,75.222,9.9,7.1
656,Cuba,1996,2700.0,1.437,74.903,10.4,7.61
657,Cuba,1995,2540.0,1.471,74.623,10.8,8.27
658,Cuba,1994,2130.0,1.461,74.411,11.3,8.146
659,Cuba,1993,1870.0,1.491,74.261,11.8,8.255
660,Cuba,1992,2120.0,1.561,74.162,12.3,8.056
661,Cuba,1991,2330.0,1.658,74.093,12.9,7.904
662,Cuba,1990,2650.0,1.804,74.039,13.6,
694,Dominica,2021,7790.0,1.595,72.814,35.9,
695,Dominica,2020,7140.0,1.597,73.649,35.6,
696,Dominica,2019,8250.0,1.611,73.559,35.2,
697,Dominica,2018,7890.0,1.617,73.59,34.5,
698,Dominica,2017,7380.0,1.629,67.525,33.6,
699,Dominica,2016,7400.0,1.657,70.128,32.5,
700,Dominica,2015,7030.0,1.694,68.727,31.2,
701,Dominica,2014,7210.0,1.734,69.434,29.9,
702,Dominica,2013,6910.0,1.772,68.896,28.5,
703,Dominica,2012,7060.0,1.824,70.538,27.2,
704,Dominica,2011,7140.0,1.871,69.695,25.8,
705,Dominica,2010,6930.0,1.915,71.55,24.6,
706,Dominica,2009,6720.0,1.96,72.17,23.4,
707,Dominica,2008,6530.0,2.027,73.305,22.4,
708,Dominica,2007,5920.0,2.094,71.93,21.4,
709,Dominica,2006,5650.0,2.158,72.848,20.5,
710,Dominica,2005,5190.0,2.105,72.254,19.7,
711,Dominica,2004,5080.0,2.125,72.401,19.0,
712,Dominica,2003,4790.0,2.169,71.438,18.4,
713,Dominica,2002,4370.0,2.276,72.34,17.8,
714,Dominica,2001,4570.0,2.542,71.713,17.3,
715,Dominica,2000,4300.0,2.351,72.693,16.9,
716,Dominica,1999,4270.0,2.554,70.631,16.6,
717,Dominica,1998,4270.0,2.333,71.472,16.3,
718,Dominica,1997,4100.0,2.392,71.634,16.1,
719,Dominica,1996,3990.0,2.519,71.194,15.9,
720,Dominica,1995,3820.0,2.673,71.52,15.8,
721,Dominica,1994,3580.0,2.874,71.076,15.8,
722,Dominica,1993,3490.0,3.102,70.937,15.9,
723,Dominica,1992,3270.0,3.281,70.282,16.0,
724,Dominica,1991,3010.0,3.067,69.646,16.1,
725,Dominica,1990,2850.0,2.96,69.852,16.4,
757,Dominican Republic,2021,8100.0,2.273,72.615,33.0,7.7
758,Dominican Republic,2020,7170.0,2.303,72.889,33.7,6.13
759,Dominican Republic,2019,7990.0,2.344,73.577,34.3,6.18
760,Dominican Republic,2018,7680.0,2.381,73.232,34.8,5.86
761,Dominican Republic,2017,7000.0,2.39,73.063,35.1,5.83
762,Dominican Republic,2016,6780.0,2.406,72.987,35.1,7.28
763,Dominican Republic,2015,6500.0,2.43,72.953,35.1,7.61
764,Dominican Republic,2014,6260.0,2.445,72.867,35.1,6.72
765,Dominican Republic,2013,5970.0,2.466,72.713,35.1,7.35
766,Dominican Republic,2012,5730.0,2.485,72.514,35.1,6.72
767,Dominican Republic,2011,5490.0,2.513,72.221,35.2,6.09
768,Dominican Republic,2010,5280.0,2.538,72.093,35.2,5.21
769,Dominican Republic,2009,4890.0,2.556,71.871,35.4,5.47
770,Dominican Republic,2008,4730.0,2.533,71.658,35.5,4.76
771,Dominican Republic,2007,4400.0,2.51,71.371,35.8,5.16
772,Dominican Republic,2006,3610.0,2.533,71.165,36.1,5.65
773,Dominican Republic,2005,3020.0,2.605,70.875,36.5,6.59
774,Dominican Republic,2004,2540.0,2.664,70.331,36.9,6.3
775,Dominican Republic,2003,2620.0,2.721,70.265,37.5,6.94
776,Dominican Republic,2002,2870.0,2.774,69.923,38.2,6.78
777,Dominican Republic,2001,2720.0,2.812,69.642,39.1,7.26
778,Dominican Republic,2000,2660.0,2.859,69.423,40.0,6.43
779,Dominican Republic,1999,2520.0,2.865,69.279,41.2,6.405
780,Dominican Republic,1998,2430.0,2.873,69.096,42.6,6.388
781,Dominican Republic,1997,2340.0,2.953,69.166,44.2,6.352
782,Dominican Republic,1996,2160.0,3.04,69.097,46.0,6.383
783,Dominican Republic,1995,1940.0,3.101,68.988,48.0,6.379
784,Dominican Republic,1994,1740.0,3.163,68.792,50.2,6.413
785,Dominican Republic,1993,1620.0,3.226,68.472,52.4,6.343
786,Dominican Republic,1992,1350.0,3.287,68.084,54.8,6.294
787,Dominican Republic,1991,1040.0,3.349,67.625,57.2,6.431
788,Dominican Republic,1990,870.0,3.411,67.11,59.6,
820,Ecuador,2021,5960.0,2.026,73.67,12.5,4.5
821,Ecuador,2020,5560.0,2.051,72.153,12.9,6.11
822,Ecuador,2019,6100.0,2.088,77.297,13.4,3.81
823,Ecuador,2018,6110.0,2.133,77.094,13.9,3.53
824,Ecuador,2017,5890.0,2.174,76.972,14.4,3.84
825,Ecuador,2016,5820.0,2.201,76.763,14.8,4.6
826,Ecuador,2015,5980.0,2.26,76.789,15.4,3.62
827,Ecuador,2014,6100.0,2.335,76.622,16.0,3.48
828,Ecuador,2013,5800.0,2.419,76.369,16.6,3.08
829,Ecuador,2012,5380.0,2.517,76.062,17.3,3.23
830,Ecuador,2011,4880.0,2.596,75.743,18.1,3.46
831,Ecuador,2010,4400.0,2.615,75.43,19.0,4.09
832,Ecuador,2009,4070.0,2.643,75.184,19.9,4.61
833,Ecuador,2008,3860.0,2.675,74.983,20.8,3.92
834,Ecuador,2007,3310.0,2.711,74.844,21.7,3.14
835,Ecuador,2006,3110.0,2.753,74.689,22.6,3.55
836,Ecuador,2005,2890.0,2.8,74.514,23.5,3.78
837,Ecuador,2004,2560.0,2.853,74.279,24.5,5.0
838,Ecuador,2003,2130.0,2.911,73.975,25.5,5.66
839,Ecuador,2002,1740.0,2.972,73.613,26.7,4.899
840,Ecuador,2001,1560.0,3.037,73.24,28.1,4.25
841,Ecuador,2000,1560.0,3.102,72.839,29.6,4.8
842,Ecuador,1999,1780.0,3.166,72.463,31.4,5.189
843,Ecuador,1998,2160.0,3.228,72.045,33.4,4.622
844,Ecuador,1997,2170.0,3.288,71.681,35.7,4.538
845,Ecuador,1996,2070.0,3.345,71.362,38.2,4.683
846,Ecuador,1995,1950.0,3.403,71.041,40.8,4.632
847,Ecuador,1994,1800.0,3.461,70.757,43.5,4.49
848,Ecuador,1993,1640.0,3.524,70.345,46.1,4.615
849,Ecuador,1992,1570.0,3.591,70.117,48.8,4.589
850,Ecuador,1991,1450.0,3.665,69.625,51.4,4.439
851,Ecuador,1990,1340.0,3.744,69.348,54.1,
883,Grenada,2021,8590.0,2.004,74.936,16.2,
884,Grenada,2020,7880.0,2.023,74.924,16.4,
885,Grenada,2019,8920.0,2.042,74.863,16.5,
886,Grenada,2018,8740.0,2.063,74.808,16.5,
887,Grenada,2017,8020.0,2.083,74.765,16.4,
888,Grenada,2016,7670.0,2.104,74.762,16.3,
889,Grenada,2015,7140.0,2.126,75.013,16.2,
890,Grenada,2014,6940.0,2.148,74.985,16.1,
891,Grenada,2013,6840.0,2.171,75.116,15.9,
892,Grenada,2012,6520.0,2.194,75.042,15.7,
893,Grenada,2011,6560.0,2.217,75.295,15.6,
894,Grenada,2010,6470.0,2.24,74.999,15.4,
895,Grenada,2009,6270.0,2.262,75.036,15.3,
896,Grenada,2008,6810.0,2.282,74.656,15.2,
897,Grenada,2007,6430.0,2.301,74.317,15.1,
898,Grenada,2006,6080.0,2.321,73.7,15.1,
899,Grenada,2005,6310.0,2.344,73.521,15.1,
900,Grenada,2004,5100.0,2.373,71.788,15.1,
901,Grenada,2003,5060.0,2.409,73.188,15.2,
902,Grenada,2002,4460.0,2.455,73.167,15.2,
903,Grenada,2001,4310.0,2.512,73.118,15.3,
904,Grenada,2000,4410.0,2.582,72.783,15.4,
905,Grenada,1999,4140.0,2.536,72.903,15.6,
906,Grenada,1998,3830.0,2.652,72.805,15.9,
907,Grenada,1997,3520.0,2.989,72.568,16.2,
908,Grenada,1996,3370.0,2.987,72.331,16.7,
909,Grenada,1995,3190.0,2.989,72.109,17.4,
910,Grenada,1994,3090.0,3.035,71.786,18.1,
911,Grenada,1993,3000.0,3.109,71.576,19.0,
912,Grenada,1992,3020.0,3.323,71.291,20.0,
913,Grenada,1991,2940.0,3.506,70.974,21.1,
914,Grenada,1990,2760.0,3.489,70.683,22.3,
946,Guatemala,2021,4940.0,2.395,69.237,23.0,2.942
947,Guatemala,2020,4490.0,2.484,71.797,23.8,3.359
948,Guatemala,2019,4620.0,2.61,73.129,24.6,2.19
949,Guatemala,2018,4400.0,2.743,72.726,25.4,2.28
950,Guatemala,2017,4100.0,2.857,72.551,26.3,2.46
951,Guatemala,2016,3870.0,2.973,72.355,27.3,2.58
952,Guatemala,2015,3700.0,3.029,72.103,28.4,2.51
953,Guatemala,2014,3550.0,3.088,71.964,29.5,2.72
954,Guatemala,2013,3380.0,3.151,71.728,30.8,3.02
955,Guatemala,2012,3160.0,3.219,71.463,32.1,2.76
956,Guatemala,2011,2910.0,3.292,71.177,33.4,3.095
957,Guatemala,2010,2730.0,3.375,70.878,34.8,3.5
958,Guatemala,2009,2650.0,3.465,70.641,36.3,3.489
959,Guatemala,2008,2610.0,3.571,70.356,37.8,3.314
960,Guatemala,2007,2370.0,3.716,70.1,39.4,3.14
961,Guatemala,2006,2150.0,3.845,69.812,41.0,3.082
962,Guatemala,2005,2000.0,3.974,69.168,42.7,3.053
963,Guatemala,2004,1850.0,4.134,69.165,44.4,2.97
964,Guatemala,2003,1670.0,4.25,68.797,46.2,2.81
965,Guatemala,2002,1600.0,4.371,68.386,48.1,2.767
966,Guatemala,2001,1600.0,4.502,67.946,50.1,2.793
967,Guatemala,2000,1670.0,4.583,67.446,52.1,2.75
968,Guatemala,1999,1650.0,4.687,66.869,54.3,2.733
969,Guatemala,1998,1610.0,4.8,66.114,56.6,2.694
970,Guatemala,1997,1530.0,4.906,65.536,59.0,2.699
971,Guatemala,1996,1440.0,5.008,64.863,61.6,2.723
972,Guatemala,1995,1360.0,5.105,64.195,64.3,2.664
973,Guatemala,1994,1230.0,5.191,63.726,67.2,2.676
974,Guatemala,1993,1140.0,5.254,63.349,70.3,2.669
975,Guatemala,1992,1030.0,5.314,62.913,73.5,2.638
976,Guatemala,1991,970.0,5.377,62.725,76.9,2.656
977,Guatemala,1990,930.0,5.48,62.473,80.4,
1009,Guyana,2021,9410.0,2.397,65.673,27.7,14.905
1010,Guyana,2020,8190.0,2.418,68.486,28.5,15.589
1011,Guyana,2019,6500.0,2.44,69.124,29.4,13.52
1012,Guyana,2018,6240.0,2.462,68.896,30.3,14.02
1013,Guyana,2017,6000.0,2.485,68.667,31.3,13.757
1014,Guyana,2016,5690.0,2.509,68.384,32.2,13.475
1015,Guyana,2015,5560.0,2.534,68.201,33.1,13.252
1016,Guyana,2014,5660.0,2.558,67.882,34.1,12.954
1017,Guyana,2013,5630.0,2.582,67.473,35.0,12.64
1018,Guyana,2012,5360.0,2.606,67.23,35.9,12.333
1019,Guyana,2011,4870.0,2.63,66.982,36.6,12.058
1020,Guyana,2010,4520.0,2.655,66.743,37.4,11.812
1021,Guyana,2009,4160.0,2.684,66.563,38.1,11.538
1022,Guyana,2008,3820.0,2.718,66.288,38.8,11.301
1023,Guyana,2007,2250.0,2.755,66.254,39.7,10.943
1024,Guyana,2006,1450.0,2.797,65.667,40.5,10.7
1025,Guyana,2005,1070.0,2.84,65.132,41.4,11.027
1026,Guyana,2004,1010.0,2.883,64.93,42.3,11.279
1027,Guyana,2003,920.0,2.924,64.6,43.3,11.576
1028,Guyana,2002,870.0,2.961,64.728,44.3,11.81
1029,Guyana,2001,870.0,2.992,64.788,45.4,11.812
1030,Guyana,2000,870.0,3.017,64.483,46.6,11.89
1031,Guyana,1999,850.0,3.036,64.17,47.9,11.84
1032,Guyana,1998,870.0,3.05,63.9,49.1,11.935
1033,Guyana,1997,890.0,3.061,63.356,50.4,11.827
1034,Guyana,1996,840.0,3.069,63.205,51.7,11.818
1035,Guyana,1995,680.0,3.074,63.136,53.1,11.884
1036,Guyana,1994,570.0,3.074,63.372,54.6,11.847
1037,Guyana,1993,470.0,3.071,63.152,56.1,11.873
1038,Guyana,1992,390.0,3.066,62.787,57.7,11.9
1039,Guyana,1991,330.0,3.063,62.622,59.3,11.954
1040,Guyana,1990,390.0,3.069,62.415,60.9,
1072,Honduras,2021,2490.0,2.363,70.123,16.6,7.947
1073,Honduras,2020,2150.0,2.394,71.462,17.1,10.68
1074,Honduras,2019,2330.0,2.427,72.881,17.8,5.55
1075,Honduras,2018,2280.0,2.46,72.814,18.4,5.62
1076,Honduras,2017,2200.0,2.496,72.692,19.1,5.53
1077,Honduras,2016,2080.0,2.536,72.588,19.8,6.73
1078,Honduras,2015,2020.0,2.581,72.487,20.5,6.15
1079,Honduras,2014,1970.0,2.635,72.259,21.3,7.08
1080,Honduras,2013,1970.0,2.699,71.963,22.1,5.65
1081,Honduras,2012,1930.0,2.774,71.734,22.9,3.75
1082,Honduras,2011,1850.0,2.86,71.439,23.8,4.47
1083,Honduras,2010,1710.0,2.957,71.088,24.7,4.12
1084,Honduras,2009,1650.0,3.063,70.911,25.6,3.29
1085,Honduras,2008,1610.0,3.177,70.441,26.6,3.16
1086,Honduras,2007,1470.0,3.296,70.376,27.7,3.21
1087,Honduras,2006,1340.0,3.419,70.261,28.8,3.57
1088,Honduras,2005,1270.0,3.545,70.104,30.0,4.91
1089,Honduras,2004,1190.0,3.677,69.796,31.4,5.99
1090,Honduras,2003,1110.0,3.815,69.507,32.8,5.3
1091,Honduras,2002,1060.0,3.956,69.366,34.2,4.02
1092,Honduras,2001,1040.0,4.098,69.006,35.8,4.0
1093,Honduras,2000,1010.0,4.237,68.662,37.5,3.855
1094,Honduras,1999,920.0,4.361,68.422,39.2,3.85
1095,Honduras,1998,900.0,4.448,62.721,64.2,4.02
1096,Honduras,1997,890.0,4.527,67.777,42.7,3.32
1097,Honduras,1996,860.0,4.639,67.439,44.6,4.37
1098,Honduras,1995,880.0,4.758,67.139,46.5,3.24
1099,Honduras,1994,860.0,4.891,66.574,48.6,3.237
1100,Honduras,1993,930.0,4.995,66.251,50.8,3.116
1101,Honduras,1992,910.0,5.089,65.991,53.1,3.06
1102,Honduras,1991,920.0,5.183,65.752,55.6,4.58
1103,Honduras,1990,1080.0,5.291,65.243,58.3,
1135,Haiti,2021,1430.0,2.814,63.192,58.6,15.017
1136,Haiti,2020,1330.0,2.869,64.052,60.5,15.085
1137,Haiti,2019,1400.0,2.919,64.255,62.5,13.781
1138,Haiti,2018,1420.0,2.959,64.019,64.4,13.755
1139,Haiti,2017,1360.0,3.016,63.854,66.3,13.786
1140,Haiti,2016,1370.0,3.062,63.392,68.2,13.852
1141,Haiti,2015,1430.0,3.108,63.237,70.1,13.888
1142,Haiti,2014,1440.0,3.157,62.987,72.0,13.96
1143,Haiti,2013,1410.0,3.216,62.605,73.9,13.958
1144,Haiti,2012,1320.0,3.302,62.291,75.8,14.1
1145,Haiti,2011,1250.0,3.411,61.623,77.6,14.56
1146,Haiti,2010,1140.0,3.47,46.019,130.1,15.383
1147,Haiti,2009,1160.0,3.508,61.741,81.4,15.658
1148,Haiti,2008,1010.0,3.567,61.332,83.3,16.298
1149,Haiti,2007,910.0,3.643,61.103,85.2,16.8
1150,Haiti,2006,790.0,3.735,60.763,87.3,15.664
1151,Haiti,2005,700.0,3.833,60.415,89.5,14.42
1152,Haiti,2004,660.0,3.939,58.475,91.9,13.308
1153,Haiti,2003,670.0,4.038,59.507,94.4,11.999
1154,Haiti,2002,730.0,4.125,58.855,97.3,10.826
1155,Haiti,2001,640.0,4.248,58.489,100.5,9.635
1156,Haiti,2000,550.0,4.39,58.365,103.9,8.408
1157,Haiti,1999,460.0,4.452,57.961,107.5,7.2
1158,Haiti,1998,410.0,4.561,57.135,111.5,7.255
1159,Haiti,1997,400.0,4.669,56.516,115.5,7.296
1160,Haiti,1996,370.0,4.777,56.154,119.7,7.325
1161,Haiti,1995,310.0,4.884,55.547,123.9,7.301
1162,Haiti,1994,260.0,4.991,54.653,128.2,7.615
1163,Haiti,1993,320.0,5.099,54.35,132.4,7.577
1164,Haiti,1992,400.0,5.208,53.842,136.6,7.619
1165,Haiti,1991,460.0,5.317,53.391,140.8,7.562
1166,Haiti,1990,420.0,5.483,52.975,144.9,
1198,Jamaica,2021,5190.0,1.352,70.5,12.4,6.011
1199,Jamaica,2020,4900.0,1.358,71.869,12.8,6.5
1200,Jamaica,2019,5500.0,1.37,71.767,13.2,4.99
1201,Jamaica,2018,5230.0,1.388,71.793,13.7,5.47
1202,Jamaica,2017,4940.0,1.44,71.911,14.1,7.4
1203,Jamaica,2016,4770.0,1.516,72.02,14.6,8.63
1204,Jamaica,2015,4870.0,1.588,72.394,15.0,8.842
1205,Jamaica,2014,5070.0,1.569,72.982,15.4,9.05
1206,Jamaica,2013,5170.0,1.636,73.412,15.9,9.7
1207,Jamaica,2012,5130.0,1.696,73.433,16.3,8.69
1208,Jamaica,2011,4730.0,1.728,73.094,16.8,8.03
1209,Jamaica,2010,4520.0,1.742,72.622,17.3,7.63
1210,Jamaica,2009,4440.0,1.864,72.124,17.7,7.31
1211,Jamaica,2008,4680.0,1.89,71.612,18.1,6.67
1212,Jamaica,2007,4420.0,1.908,71.418,18.4,6.679
1213,Jamaica,2006,4180.0,2.069,71.199,18.7,6.698
1214,Jamaica,2005,3890.0,2.063,71.044,18.9,6.767
1215,Jamaica,2004,3740.0,2.127,70.86,19.2,6.8
1216,Jamaica,2003,3510.0,2.13,70.806,19.6,6.804
1217,Jamaica,2002,3320.0,2.149,70.888,20.0,6.868
1218,Jamaica,2001,3300.0,2.173,70.758,20.4,6.915
1219,Jamaica,2000,3290.0,2.21,70.944,20.9,6.959
1220,Jamaica,1999,3160.0,2.447,70.968,21.5,6.993
1221,Jamaica,1998,2930.0,2.594,70.99,22.2,7.08
1222,Jamaica,1997,2800.0,2.659,71.207,22.8,7.095
1223,Jamaica,1996,2550.0,2.674,71.488,23.5,7.113
1224,Jamaica,1995,2320.0,2.881,71.549,24.2,7.106
1225,Jamaica,1994,1900.0,2.939,71.739,25.0,7.153
1226,Jamaica,1993,1860.0,2.962,71.921,25.7,7.058
1227,Jamaica,1992,1630.0,2.952,72.189,26.5,7.204
1228,Jamaica,1991,1750.0,2.906,72.186,27.2,7.188
1229,Jamaica,1990,1790.0,2.854,72.304,28.0,
1261,St. Kitts and Nevis,2021,18820.0,1.531,71.682,14.6,
1262,St. Kitts and Nevis,2020,19420.0,1.55,71.627,15.0,
1263,St. Kitts and Nevis,2019,23340.0,1.568,71.572,15.4,
1264,St. Kitts and Nevis,2018,21530.0,1.587,71.467,15.9,
1265,St. Kitts and Nevis,2017,20020.0,1.61,71.84,16.3,
1266,St. Kitts and Nevis,2016,19320.0,1.633,71.74,16.6,
1267,St. Kitts and Nevis,2015,18370.0,1.643,70.763,16.9,
1268,St. Kitts and Nevis,2014,18420.0,1.665,70.966,17.2,
1269,St. Kitts and Nevis,2013,18220.0,1.682,71.457,17.3,
1270,St. Kitts and Nevis,2012,16800.0,1.713,71.669,17.4,
1271,St. Kitts and Nevis,2011,16520.0,1.74,71.538,17.4,
1272,St. Kitts and Nevis,2010,15790.0,1.762,71.27,17.5,
1273,St. Kitts and Nevis,2009,15710.0,1.8,71.393,17.6,
1274,St. Kitts and Nevis,2008,15860.0,1.833,71.374,17.8,
1275,St. Kitts and Nevis,2007,13260.0,1.871,71.367,18.1,
1276,St. Kitts and Nevis,2006,12560.0,1.902,71.288,18.5,
1277,St. Kitts and Nevis,2005,11670.0,1.931,71.362,19.1,
1278,St. Kitts and Nevis,2004,10330.0,1.964,71.303,19.8,
1279,St. Kitts and Nevis,2003,9140.0,2.004,70.768,20.7,
1280,St. Kitts and Nevis,2002,9150.0,2.038,70.452,21.6,
1281,St. Kitts and Nevis,2001,9160.0,2.086,70.2,22.7,
1282,St. Kitts and Nevis,2000,8850.0,2.196,69.781,23.8,
1283,St. Kitts and Nevis,1999,8060.0,2.327,68.709,24.9,
1284,St. Kitts and Nevis,1998,7650.0,2.376,67.69,25.8,
1285,St. Kitts and Nevis,1997,7930.0,2.393,67.853,26.7,
1286,St. Kitts and Nevis,1996,7580.0,2.325,67.313,27.3,
1287,St. Kitts and Nevis,1995,7220.0,2.36,67.152,27.9,
1288,St. Kitts and Nevis,1994,6650.0,2.35,67.294,28.4,
1289,St. Kitts and Nevis,1993,6150.0,2.402,67.58,28.8,
1290,St. Kitts and Nevis,1992,5680.0,2.448,66.972,29.2,
1291,St. Kitts and Nevis,1991,5240.0,2.622,66.15,29.7,
1292,St. Kitts and Nevis,1990,5170.0,2.793,65.188,30.4,
1324,St. Lucia,2021,9520.0,1.399,71.111,24.8,19.52
1325,St. Lucia,2020,8590.0,1.411,73.416,24.5,20.39
1326,St. Lucia,2019,11040.0,1.424,73.445,24.1,15.32
1327,St. Lucia,2018,10980.0,1.436,73.357,23.6,19.08
1328,St. Lucia,2017,10210.0,1.448,73.127,23.0,18.86
1329,St. Lucia,2016,9610.0,1.461,73.112,22.5,19.659
1330,St. Lucia,2015,8890.0,1.473,73.138,21.9,20.556
1331,St. Lucia,2014,8990.0,1.485,72.864,21.4,21.303
1332,St. Lucia,2013,8960.0,1.496,72.735,21.0,22.21
1333,St. Lucia,2012,9040.0,1.508,72.882,20.5,19.06
1334,St. Lucia,2011,9000.0,1.522,72.944,20.1,18.86
1335,St. Lucia,2010,8320.0,1.538,72.72,19.7,17.111
1336,St. Lucia,2009,8140.0,1.555,72.722,19.4,15.37
1337,St. Lucia,2008,8160.0,1.574,72.698,19.1,12.72
1338,St. Lucia,2007,7510.0,1.598,72.599,18.9,14.0
1339,St. Lucia,2006,7210.0,1.63,72.465,18.6,16.0
1340,St. Lucia,2005,6550.0,1.675,72.245,18.5,18.7
1341,St. Lucia,2004,6300.0,1.74,72.028,18.4,20.97
1342,St. Lucia,2003,5650.0,1.826,71.771,18.3,22.18
1343,St. Lucia,2002,5280.0,1.933,71.472,18.3,20.39
1344,St. Lucia,2001,5250.0,2.06,71.135,18.3,18.515
1345,St. Lucia,2000,5460.0,2.202,70.768,18.4,16.49
1346,St. Lucia,1999,5050.0,2.35,70.709,18.5,18.09
1347,St. Lucia,1998,4810.0,2.499,70.69,18.7,21.6
1348,St. Lucia,1997,4620.0,2.641,70.775,19.0,20.47
1349,St. Lucia,1996,4690.0,2.772,70.904,19.2,16.33
1350,St. Lucia,1995,4490.0,2.892,71.002,19.6,15.83
1351,St. Lucia,1994,4340.0,3.001,70.992,19.9,17.0
1352,St. Lucia,1993,4260.0,3.104,71.114,20.3,16.8
1353,St. Lucia,1992,4260.0,3.203,70.799,20.8,16.756
1354,St. Lucia,1991,3740.0,3.302,70.602,21.3,16.934
1355,St. Lucia,1990,3620.0,3.399,70.326,21.9,
1387,Mexico,2021,9590.0,1.822,70.213,13.2,4.09
1388,Mexico,2020,8750.0,1.905,70.133,13.7,4.45
1389,Mexico,2019,9660.0,1.916,74.202,14.2,3.48
1390,Mexico,2018,9350.0,1.996,74.015,14.7,3.27
1391,Mexico,2017,9060.0,2.041,74.138,15.2,3.42
1392,Mexico,2016,9530.0,2.086,74.412,15.7,3.86
1393,Mexico,2015,10310.0,2.137,74.682,16.2,4.31
1394,Mexico,2014,10640.0,2.211,74.797,16.8,4.81
1395,Mexico,2013,10400.0,2.269,74.739,17.3,4.91
1396,Mexico,2012,10180.0,2.294,74.574,17.9,4.89
1397,Mexico,2011,9430.0,2.317,74.365,18.5,5.17
1398,Mexico,2010,9170.0,2.34,74.19,19.2,5.3
1399,Mexico,2009,8940.0,2.364,74.119,19.8,5.36
1400,Mexico,2008,9880.0,2.391,74.152,20.5,3.87
1401,Mexico,2007,9330.0,2.421,74.238,21.3,3.63
1402,Mexico,2006,8750.0,2.456,74.331,22.1,3.57
1403,Mexico,2005,8100.0,2.495,74.376,22.9,3.56
1404,Mexico,2004,7860.0,2.536,74.372,23.8,3.94
1405,Mexico,2003,7410.0,2.579,74.274,24.8,3.46
1406,Mexico,2002,7150.0,2.623,74.106,25.9,3.0
1407,Mexico,2001,6800.0,2.669,73.867,27.0,2.63
1408,Mexico,2000,6280.0,2.716,73.569,28.3,2.65
1409,Mexico,1999,5580.0,2.766,73.225,29.6,2.6
1410,Mexico,1998,5070.0,2.8,72.845,31.0,3.73
1411,Mexico,1997,4730.0,2.869,72.445,32.5,4.24
1412,Mexico,1996,4700.0,2.956,72.037,34.1,5.47
1413,Mexico,1995,4880.0,3.038,71.646,35.8,7.1
1414,Mexico,1994,5420.0,3.127,71.279,37.5,4.44
1415,Mexico,1993,4590.0,3.216,70.942,39.4,3.37
1416,Mexico,1992,3860.0,3.292,70.616,41.3,3.24
1417,Mexico,1991,3330.0,3.367,70.298,43.3,3.15
1418,Mexico,1990,2860.0,3.45,69.971,45.4,
1450,Nicaragua,2021,1950.0,2.321,73.837,13.3,5.932
1451,Nicaragua,2020,1740.0,2.349,71.795,14.0,5.937
1452,Nicaragua,2019,1860.0,2.377,74.054,14.9,5.202
1453,Nicaragua,2018,1940.0,2.404,73.85,15.8,5.2
1454,Nicaragua,2017,2000.0,2.43,73.554,16.8,3.3
1455,Nicaragua,2016,1930.0,2.455,73.256,17.8,3.9
1456,Nicaragua,2015,1870.0,2.48,72.983,18.8,4.7
1457,Nicaragua,2014,1810.0,2.503,72.812,19.8,4.52
1458,Nicaragua,2013,1730.0,2.526,72.704,20.8,5.28
1459,Nicaragua,2012,1660.0,2.55,72.615,21.9,5.21
1460,Nicaragua,2011,1560.0,2.575,72.416,23.0,6.499
1461,Nicaragua,2010,1460.0,2.601,72.009,24.1,7.83
1462,Nicaragua,2009,1380.0,2.628,71.433,25.2,8.16
1463,Nicaragua,2008,1390.0,2.657,70.586,26.4,6.2
1464,Nicaragua,2007,1280.0,2.689,69.559,27.6,4.89
1465,Nicaragua,2006,1200.0,2.725,68.725,28.9,5.31
1466,Nicaragua,2005,1160.0,2.767,67.936,30.3,5.37
1467,Nicaragua,2004,1080.0,2.816,67.423,31.8,6.41
1468,Nicaragua,2003,990.0,2.874,67.217,33.3,7.6
1469,Nicaragua,2002,960.0,2.941,67.18,35.0,7.58
1470,Nicaragua,2001,960.0,3.019,67.215,36.9,7.474
1471,Nicaragua,2000,950.0,3.111,67.234,38.8,7.394
1472,Nicaragua,1999,910.0,3.218,67.12,41.0,7.278
1473,Nicaragua,1998,870.0,3.339,65.209,50.5,7.296
1474,Nicaragua,1997,870.0,3.473,66.515,46.0,7.24
1475,Nicaragua,1996,860.0,3.62,66.052,48.7,7.141
1476,Nicaragua,1995,610.0,3.775,65.608,51.5,7.102
1477,Nicaragua,1994,440.0,3.937,65.181,54.5,7.106
1478,Nicaragua,1993,290.0,4.102,64.685,57.5,7.134
1479,Nicaragua,1992,230.0,4.267,64.266,60.6,7.069
1480,Nicaragua,1991,210.0,4.432,63.931,63.8,7.034
1481,Nicaragua,1990,310.0,4.596,63.096,66.9,
1513,Panama,2021,13920.0,2.325,76.223,13.9,10.301
1514,Panama,2020,12470.0,2.344,76.657,14.4,14.114
1515,Panama,2019,15010.0,2.375,77.81,14.8,6.33
1516,Panama,2018,14540.0,2.441,77.863,15.4,5.218
1517,Panama,2017,13770.0,2.493,77.795,15.9,5.392
1518,Panama,2016,12810.0,2.528,77.653,16.4,4.759
1519,Panama,2015,12240.0,2.564,77.468,16.9,4.368
1520,Panama,2014,11220.0,2.59,77.248,17.5,4.419
1521,Panama,2013,10670.0,2.609,77.038,18.0,3.703
1522,Panama,2012,9580.0,2.636,76.819,18.6,3.717
1523,Panama,2011,8590.0,2.627,76.627,19.2,4.05
1524,Panama,2010,7290.0,2.604,76.448,19.8,5.875
1525,Panama,2009,6940.0,2.613,76.343,20.5,6.011
1526,Panama,2008,6580.0,2.631,76.225,21.1,5.908
1527,Panama,2007,5810.0,2.63,76.154,21.7,5.844
1528,Panama,2006,5130.0,2.636,76.012,22.3,5.864
1529,Panama,2005,4820.0,2.665,75.829,22.9,5.949
1530,Panama,2004,4500.0,2.691,75.544,23.5,5.939
1531,Panama,2003,4070.0,2.679,75.218,24.2,6.007
1532,Panama,2002,3970.0,2.698,74.824,24.8,5.995
1533,Panama,2001,3860.0,2.72,74.414,25.4,6.042
1534,Panama,2000,3920.0,2.744,74.001,26.0,6.051
1535,Panama,1999,3790.0,2.767,73.622,26.6,6.067
1536,Panama,1998,3710.0,2.789,73.279,27.0,6.029
1537,Panama,1997,3640.0,2.81,72.97,27.5,6.016
1538,Panama,1996,3600.0,2.83,72.675,27.9,6.038
1539,Panama,1995,3440.0,2.852,72.385,28.3,6.062
1540,Panama,1994,3440.0,2.877,72.096,28.8,6.11
1541,Panama,1993,3260.0,2.909,71.8,29.3,6.123
1542,Panama,1992,3040.0,2.95,71.462,29.9,6.085
1543,Panama,1991,2750.0,2.999,71.207,30.6,6.064
1544,Panama,1990,2660.0,3.096,71.097,31.4,
1576,Peru,2021,6460.0,2.192,72.377,14.1,5.1
1577,Peru,2020,6000.0,2.216,73.665,14.5,7.18
1578,Peru,2019,6770.0,2.242,76.156,14.9,3.38
1579,Peru,2018,6430.0,2.26,76.009,15.3,3.49
1580,Peru,2017,6030.0,2.281,75.879,15.7,3.69
1581,Peru,2016,6070.0,2.306,75.789,16.1,3.74
1582,Peru,2015,6290.0,2.338,75.621,16.5,3.27
1583,Peru,2014,6470.0,2.385,75.333,17.1,3.21
1584,Peru,2013,6360.0,2.432,74.967,17.6,3.57
1585,Peru,2012,5740.0,2.487,74.544,18.3,3.24
1586,Peru,2011,4930.0,2.542,74.133,19.0,3.48
1587,Peru,2010,4380.0,2.573,73.711,19.9,3.6
1588,Peru,2009,3940.0,2.607,73.466,20.9,3.96
1589,Peru,2008,3760.0,2.628,73.377,22.1,4.03
1590,Peru,2007,3180.0,2.666,73.223,23.4,4.08
1591,Peru,2006,2780.0,2.686,73.172,24.9,4.17
1592,Peru,2005,2520.0,2.686,72.986,26.5,4.87
1593,Peru,2004,2260.0,2.673,72.668,28.2,4.71
1594,Peru,2003,2060.0,2.661,72.217,30.2,4.15
1595,Peru,2002,1940.0,2.693,71.661,32.5,4.84
1596,Peru,2001,1880.0,2.744,71.041,35.1,5.027
1597,Peru,2000,1960.0,2.845,70.424,38.1,4.898
1598,Peru,1999,2020.0,2.917,69.743,41.4,4.92
1599,Peru,1998,2140.0,3.002,69.082,45.1,4.975
1600,Peru,1997,2270.0,3.099,68.605,49.1,4.64
1601,Peru,1996,2140.0,3.203,68.147,53.4,4.769
1602,Peru,1995,1940.0,3.315,67.644,57.9,4.544
1603,Peru,1994,1750.0,3.432,67.227,62.4,4.324
1604,Peru,1993,1550.0,3.552,66.681,67.0,4.578
1605,Peru,1992,1410.0,3.673,66.149,71.5,4.8
1606,Peru,1991,1210.0,3.794,65.434,75.9,4.652
1607,Peru,1990,840.0,3.912,65.106,80.2,
1639,Puerto Rico,2021,22580.0,0.907,80.162,,7.9
1640,Puerto Rico,2020,21240.0,0.922,78.041,,8.89
1641,Puerto Rico,2019,22040.0,0.982,79.063,,8.3
1642,Puerto Rico,2018,21010.0,1.035,79.77,,9.2
1643,Puerto Rico,2017,20000.0,1.101,79.258,,10.8
1644,Puerto Rico,2016,19710.0,1.2425,80.27,,11.8
1645,Puerto Rico,2015,19420.0,1.3365,79.695,,12.0
1646,Puerto Rico,2014,19280.0,1.432,78.929,,13.9
1647,Puerto Rico,2013,19170.0,1.47,78.777,,14.3
1648,Puerto Rico,2012,18680.0,1.5425,78.461,,14.5
1649,Puerto Rico,2011,17670.0,1.5965,78.316,,15.7
1650,Puerto Rico,2010,16920.0,1.6235,78.01,,16.1
1651,Puerto Rico,2009,16580.0,1.6528,77.877,,15.0
1652,Puerto Rico,2008,16360.0,1.6516,77.841,,11.48
1653,Puerto Rico,2007,15860.0,1.6505,77.621,,10.93
1654,Puerto Rico,2006,15030.0,1.7123,77.415,,11.01
1655,Puerto Rico,2005,14750.0,1.7702,77.237,,11.35
1656,Puerto Rico,2004,14260.0,1.7822,77.143,,10.31
1657,Puerto Rico,2003,12170.0,1.7624,76.874,,11.78
1658,Puerto Rico,2002,11250.0,1.8317,76.728,,11.94
1659,Puerto Rico,2001,10950.0,1.9346,76.456,,11.4
1660,Puerto Rico,2000,10550.0,2.0485,75.977,,10.08
1661,Puerto Rico,1999,9590.0,2.0,75.536,,11.81
1662,Puerto Rico,1998,8690.0,1.9,75.194,,13.46
1663,Puerto Rico,1997,8510.0,1.9,74.92,,13.8
1664,Puerto Rico,1996,8130.0,1.94,74.585,,13.64
1665,Puerto Rico,1995,7820.0,2.248,74.364,,13.93
1666,Puerto Rico,1994,7370.0,2.278,74.083,,14.6
1667,Puerto Rico,1993,7100.0,2.307,74.029,,16.91
1668,Puerto Rico,1992,6760.0,2.29,73.939,,16.93
1669,Puerto Rico,1991,6300.0,2.302,73.913,,16.18
1670,Puerto Rico,1990,5950.0,2.378,73.89,,
1702,Paraguay,2021,5740.0,2.469,70.262,18.2,7.31
1703,Paraguay,2020,5550.0,2.497,73.182,18.7,7.55
1704,Paraguay,2019,5950.0,2.525,73.621,19.4,6.59
1705,Paraguay,2018,6050.0,2.561,73.568,20.0,6.22
1706,Paraguay,2017,5810.0,2.591,73.644,20.8,4.61
1707,Paraguay,2016,5870.0,2.624,73.534,21.4,5.25
1708,Paraguay,2015,6100.0,2.645,73.191,22.2,4.56
1709,Paraguay,2014,6280.0,2.646,72.878,22.9,5.03
1710,Paraguay,2013,5960.0,2.636,72.757,23.6,4.38
1711,Paraguay,2012,5160.0,2.625,72.454,24.4,4.09
1712,Paraguay,2011,4820.0,2.675,72.131,25.2,4.67
1713,Paraguay,2010,4390.0,2.73,71.887,26.0,4.57
1714,Paraguay,2009,3720.0,2.787,71.635,26.8,5.46
1715,Paraguay,2008,3300.0,2.846,71.384,27.6,4.42
1716,Paraguay,2007,2490.0,2.907,71.106,28.4,4.71
1717,Paraguay,2006,1970.0,2.97,70.781,29.2,5.28
1718,Paraguay,2005,1620.0,3.04,70.527,29.9,4.82
1719,Paraguay,2004,1430.0,3.119,70.481,30.7,6.51
1720,Paraguay,2003,1290.0,3.21,70.297,31.5,6.81
1721,Paraguay,2002,1390.0,3.315,70.025,32.3,9.39
1722,Paraguay,2001,1470.0,3.431,69.9,33.1,6.21
1723,Paraguay,2000,1500.0,3.553,69.75,33.8,7.61
1724,Paraguay,1999,1660.0,3.678,69.634,34.6,5.34
1725,Paraguay,1998,1790.0,3.798,69.478,35.5,4.42
1726,Paraguay,1997,1910.0,3.911,69.325,36.4,5.36
1727,Paraguay,1996,1910.0,4.014,69.202,37.3,8.15
1728,Paraguay,1995,1740.0,4.108,69.009,38.4,3.4
1729,Paraguay,1994,,4.196,68.824,39.6,4.41
1730,Paraguay,1993,,4.282,68.633,40.9,5.06
1731,Paraguay,1992,,4.368,68.395,42.3,4.98
1732,Paraguay,1991,,4.457,68.173,43.9,5.1
1733,Paraguay,1990,,4.547,67.944,45.6,
1765,El Salvador,2021,4260.0,1.803,70.748,12.4,4.35
1766,El Salvador,2020,3740.0,1.819,71.061,12.8,5.02
1767,El Salvador,2019,4090.0,1.838,72.559,13.3,4.17
1768,El Salvador,2018,3900.0,1.849,72.555,13.8,4.01
1769,El Salvador,2017,3670.0,1.896,72.311,14.3,4.39
1770,El Salvador,2016,3570.0,1.965,72.025,14.8,4.42
1771,El Salvador,2015,3490.0,2.067,71.814,15.4,4.0
1772,El Salvador,2014,3450.0,2.126,71.746,16.0,4.15
1773,El Salvador,2013,3390.0,2.154,71.771,16.7,3.69
1774,El Salvador,2012,3250.0,2.187,71.831,17.5,3.84
1775,El Salvador,2011,3100.0,2.224,71.859,18.4,4.3
1776,El Salvador,2010,2910.0,2.239,71.848,19.3,4.89
1777,El Salvador,2009,2850.0,2.261,71.576,20.3,7.33
1778,El Salvador,2008,2900.0,2.291,71.424,21.4,5.88
1779,El Salvador,2007,2710.0,2.335,71.108,22.5,6.41
1780,El Salvador,2006,2590.0,2.393,70.773,23.7,6.57
1781,El Salvador,2005,2420.0,2.455,70.44,25.0,7.22
1782,El Salvador,2004,2270.0,2.546,70.34,26.4,6.8
1783,El Salvador,2003,2110.0,2.675,70.14,28.0,6.9
1784,El Salvador,2002,1990.0,2.809,70.232,29.6,6.2
1785,El Salvador,2001,1930.0,2.977,69.598,31.3,6.96
1786,El Salvador,2000,1880.0,3.14,69.865,33.1,6.96
1787,El Salvador,1999,1790.0,3.259,69.379,35.1,7.3
1788,El Salvador,1998,1720.0,3.357,68.478,37.3,7.1
1789,El Salvador,1997,1660.0,3.377,67.895,39.7,7.98
1790,El Salvador,1996,1560.0,3.482,67.076,42.2,7.68
1791,El Salvador,1995,1450.0,3.577,66.33,44.9,7.65
1792,El Salvador,1994,1260.0,3.66,65.838,47.7,7.68
1793,El Salvador,1993,1140.0,3.734,65.235,50.7,9.94
1794,El Salvador,1992,1030.0,3.815,64.657,53.7,7.88
1795,El Salvador,1991,910.0,3.87,63.856,56.7,7.53
1796,El Salvador,1990,880.0,3.947,62.55,60.0,
1828,Suriname,2021,4410.0,2.348,70.274,17.2,9.078
1829,Suriname,2020,4500.0,2.371,72.561,17.7,9.524
1830,Suriname,2019,6020.0,2.394,72.242,18.3,8.029
1831,Suriname,2018,5790.0,2.418,72.553,18.8,7.932
1832,Suriname,2017,5770.0,2.443,72.417,19.4,7.91
1833,Suriname,2016,6740.0,2.469,71.592,19.9,7.92
1834,Suriname,2015,8640.0,2.494,70.8,20.5,7.22
1835,Suriname,2014,8990.0,2.519,69.782,21.0,6.94
1836,Suriname,2013,8690.0,2.543,69.682,21.6,6.6
1837,Suriname,2012,8290.0,2.565,69.764,22.1,8.1
1838,Suriname,2011,7680.0,2.587,69.914,22.7,7.54
1839,Suriname,2010,7380.0,2.61,69.894,23.3,7.15
1840,Suriname,2009,6740.0,2.633,69.505,23.9,8.72
1841,Suriname,2008,6130.0,2.659,68.816,24.5,8.875
1842,Suriname,2007,4890.0,2.687,68.204,25.2,9.031
1843,Suriname,2006,3910.0,2.717,67.571,25.9,9.19
1844,Suriname,2005,3210.0,2.749,67.002,26.7,9.374
1845,Suriname,2004,2730.0,2.781,66.416,27.5,9.49
1846,Suriname,2003,2130.0,2.811,65.596,28.4,10.303
1847,Suriname,2002,1870.0,2.84,65.531,29.3,11.143
1848,Suriname,2001,1630.0,2.868,65.482,30.3,11.913
1849,Suriname,2000,1940.0,2.895,65.508,31.3,12.741
1850,Suriname,1999,1930.0,2.923,65.443,32.4,13.6
1851,Suriname,1998,2050.0,2.955,65.594,33.6,10.63
1852,Suriname,1997,1840.0,2.99,65.697,34.9,10.56
1853,Suriname,1996,1640.0,3.03,65.668,36.3,10.88
1854,Suriname,1995,1350.0,3.072,65.337,37.6,8.39
1855,Suriname,1994,1120.0,3.115,65.272,39.1,12.7
1856,Suriname,1993,990.0,3.156,64.98,40.6,15.64
1857,Suriname,1992,1040.0,3.195,64.65,42.1,17.28
1858,Suriname,1991,1130.0,3.231,64.453,43.5,17.095
1859,Suriname,1990,1400.0,3.267,64.23,45.1,
1891,Trinidad and Tobago,2021,15000.0,1.626,72.971,16.3,4.45
1892,Trinidad and Tobago,2020,13830.0,1.631,74.406,16.8,4.21
1893,Trinidad and Tobago,2019,15620.0,1.643,74.228,17.4,3.52
1894,Trinidad and Tobago,2018,15260.0,1.651,73.802,17.9,3.405
1895,Trinidad and Tobago,2017,15560.0,1.662,74.23,18.5,3.309
1896,Trinidad and Tobago,2016,16510.0,1.678,74.281,19.0,3.21
1897,Trinidad and Tobago,2015,19020.0,1.682,74.503,19.6,2.43
1898,Trinidad and Tobago,2014,19110.0,1.693,74.215,20.2,2.48
1899,Trinidad and Tobago,2013,18760.0,1.703,73.962,20.8,2.68
1900,Trinidad and Tobago,2012,16750.0,1.711,73.716,21.5,3.72
1901,Trinidad and Tobago,2011,14090.0,1.713,73.278,22.2,3.43
1902,Trinidad and Tobago,2010,15500.0,1.701,72.725,22.9,4.03
1903,Trinidad and Tobago,2009,15270.0,1.69,73.126,23.5,5.28
1904,Trinidad and Tobago,2008,16370.0,1.713,71.47,24.2,4.63
1905,Trinidad and Tobago,2007,14170.0,1.709,71.652,24.9,5.54
1906,Trinidad and Tobago,2006,12560.0,1.692,71.256,25.6,6.27
1907,Trinidad and Tobago,2005,10590.0,1.68,71.308,26.2,7.95
1908,Trinidad and Tobago,2004,9190.0,1.685,71.076,26.8,8.33
1909,Trinidad and Tobago,2003,7650.0,1.705,69.729,27.3,10.48
1910,Trinidad and Tobago,2002,6420.0,1.718,70.488,27.7,10.39
1911,Trinidad and Tobago,2001,5770.0,1.746,69.646,27.9,10.88
1912,Trinidad and Tobago,2000,5140.0,1.769,69.102,28.1,12.1
1913,Trinidad and Tobago,1999,4650.0,1.788,68.377,28.2,13.12
1914,Trinidad and Tobago,1998,4410.0,1.797,69.16,28.3,14.21
1915,Trinidad and Tobago,1997,4300.0,1.822,68.719,28.4,15.01
1916,Trinidad and Tobago,1996,4050.0,1.874,69.009,28.4,16.25
1917,Trinidad and Tobago,1995,3810.0,1.931,69.17,28.6,17.22
1918,Trinidad and Tobago,1994,3720.0,2.023,68.511,28.8,18.44
1919,Trinidad and Tobago,1993,3920.0,2.101,68.811,29.1,19.81
1920,Trinidad and Tobago,1992,4250.0,2.205,68.391,29.4,19.66
1921,Trinidad and Tobago,1991,3750.0,2.282,68.859,29.8,18.52
1922,Trinidad and Tobago,1990,3570.0,2.382,68.272,30.3,
1954,Uruguay,2021,16080.0,1.493,75.436,5.8,9.29
1955,Uruguay,2020,15950.0,1.477,78.43,6.3,10.33
1956,Uruguay,2019,17940.0,1.546,77.508,6.8,8.73
1957,Uruguay,2018,17390.0,1.658,77.611,7.3,8.34
1958,Uruguay,2017,15990.0,1.796,77.625,7.9,7.89
1959,Uruguay,2016,15490.0,1.945,77.571,8.4,7.84
1960,Uruguay,2015,15670.0,2.023,77.483,8.9,7.49
1961,Uruguay,2014,15830.0,1.998,77.366,9.3,6.55
1962,Uruguay,2013,15360.0,2.01,77.24,9.7,6.44
1963,Uruguay,2012,13360.0,2.006,77.111,10.0,6.45
1964,Uruguay,2011,12090.0,2.008,76.983,10.4,6.31
1965,Uruguay,2010,10460.0,2.011,76.858,10.8,7.16
1966,Uruguay,2009,8820.0,2.018,76.738,11.3,7.74
1967,Uruguay,2008,7720.0,2.03,76.623,11.9,8.03
1968,Uruguay,2007,6390.0,2.048,76.498,12.7,9.4
1969,Uruguay,2006,5400.0,2.07,76.362,13.6,10.84
1970,Uruguay,2005,4730.0,2.097,76.194,14.4,12.01
1971,Uruguay,2004,4140.0,2.09,76.007,15.2,12.98
1972,Uruguay,2003,4260.0,2.101,75.785,15.8,16.66
1973,Uruguay,2002,5170.0,2.142,75.54,16.2,16.65
1974,Uruguay,2001,6550.0,2.132,75.285,16.6,15.05
1975,Uruguay,2000,7120.0,2.168,75.025,17.0,12.63
1976,Uruguay,1999,7320.0,2.22,74.769,17.6,10.47
1977,Uruguay,1998,7310.0,2.262,74.527,18.4,9.36
1978,Uruguay,1997,7030.0,2.328,74.298,19.2,11.44
1979,Uruguay,1996,6200.0,2.364,74.088,20.0,11.93
1980,Uruguay,1995,5560.0,2.401,73.896,20.6,10.02
1981,Uruguay,1994,5050.0,2.415,73.728,21.0,9.04
1982,Uruguay,1993,4360.0,2.397,73.579,21.4,8.35
1983,Uruguay,1992,3840.0,2.423,73.441,21.8,8.96
1984,Uruguay,1991,3180.0,2.446,73.305,22.3,8.95
1985,Uruguay,1990,2840.0,2.433,73.162,22.9,
2017,St. Vincent and the Grenadines,2021,8720.0,1.797,69.629,13.7,20.398
2018,St. Vincent and the Grenadines,2020,8260.0,1.814,72.126,14.2,20.55
2019,St. Vincent and the Grenadines,2019,8580.0,1.838,72.835,14.6,19.09
2020,St. Vincent and the Grenadines,2018,8370.0,1.873,74.128,15.2,19.02
2021,St. Vincent and the Grenadines,2017,7760.0,1.932,74.305,15.7,19.028
2022,St. Vincent and the Grenadines,2016,7540.0,2.025,74.28,16.2,18.978
2023,St. Vincent and the Grenadines,2015,7160.0,2.099,74.407,16.8,18.969
2024,St. Vincent and the Grenadines,2014,6910.0,2.12,74.473,17.4,18.948
2025,St. Vincent and the Grenadines,2013,7030.0,2.112,73.798,18.0,18.905
2026,St. Vincent and the Grenadines,2012,6760.0,2.12,74.146,18.6,18.893
2027,St. Vincent and the Grenadines,2011,6430.0,2.101,74.596,19.3,18.919
2028,St. Vincent and the Grenadines,2010,6350.0,2.133,74.718,19.8,18.977
2029,St. Vincent and the Grenadines,2009,6570.0,2.154,75.083,20.4,18.917
2030,St. Vincent and the Grenadines,2008,6420.0,2.137,75.053,20.8,18.79
2031,St. Vincent and the Grenadines,2007,6070.0,2.081,74.703,21.1,19.071
2032,St. Vincent and the Grenadines,2006,5610.0,2.055,74.017,21.4,19.278
2033,St. Vincent and the Grenadines,2005,5080.0,2.065,73.516,21.5,19.757
2034,St. Vincent and the Grenadines,2004,4810.0,2.087,73.035,21.7,20.037
2035,St. Vincent and the Grenadines,2003,4430.0,2.14,72.352,21.8,20.26
2036,St. Vincent and the Grenadines,2002,4010.0,2.215,72.168,22.0,20.629
2037,St. Vincent and the Grenadines,2001,3650.0,2.298,71.938,22.1,21.1
2038,St. Vincent and the Grenadines,2000,3380.0,2.34,71.377,22.3,20.958
2039,St. Vincent and the Grenadines,1999,3130.0,2.375,71.3,22.4,20.781
2040,St. Vincent and the Grenadines,1998,3010.0,2.416,71.097,22.4,20.596
2041,St. Vincent and the Grenadines,1997,2900.0,2.489,70.922,22.4,20.471
2042,St. Vincent and the Grenadines,1996,2840.0,2.569,71.266,22.4,20.395
2043,St. Vincent and the Grenadines,1995,2730.0,2.665,72.097,22.3,20.059
2044,St. Vincent and the Grenadines,1994,2510.0,2.74,71.922,22.3,20.185
2045,St. Vincent and the Grenadines,1993,2550.0,2.802,72.458,22.4,19.802
2046,St. Vincent and the Grenadines,1992,2420.0,2.829,72.624,22.7,19.734
2047,St. Vincent and the Grenadines,1991,2130.0,2.823,72.937,23.2,19.77
2048,St. Vincent and the Grenadines,1990,2020.0,2.825,72.38,23.9,
2080,"Venezuela, RB",2021,,2.211,70.554,24.2,6.471
2081,"Venezuela, RB",2020,,2.23,71.095,24.2,7.53
2082,"Venezuela, RB",2019,,2.25,72.161,24.2,5.092
2083,"Venezuela, RB",2018,,2.272,71.979,24.2,5.02
2084,"Venezuela, RB",2017,,2.294,71.943,24.2,5.05
2085,"Venezuela, RB",2016,,2.317,72.058,24.2,5.32
2086,"Venezuela, RB",2015,,2.34,73.006,19.1,6.077
2087,"Venezuela, RB",2014,13010.0,2.365,72.853,18.0,6.865
2088,"Venezuela, RB",2013,11950.0,2.39,73.196,17.6,7.54
2089,"Venezuela, RB",2012,12660.0,2.417,73.036,17.3,6.6
2090,"Venezuela, RB",2011,11890.0,2.444,72.913,17.2,6.9
2091,"Venezuela, RB",2010,11690.0,2.471,72.89,17.1,7.11
2092,"Venezuela, RB",2009,10270.0,2.5,72.579,17.1,6.1
2093,"Venezuela, RB",2008,9300.0,2.53,72.436,17.2,6.25
2094,"Venezuela, RB",2007,7550.0,2.562,73.058,17.5,7.28
2095,"Venezuela, RB",2006,6070.0,2.595,72.742,17.9,8.61
2096,"Venezuela, RB",2005,4930.0,2.629,72.782,18.5,10.66
2097,"Venezuela, RB",2004,4070.0,2.664,72.514,19.1,15.07
2098,"Venezuela, RB",2003,3460.0,2.701,71.94,19.8,16.78
2099,"Venezuela, RB",2002,3950.0,2.739,72.662,20.3,16.17
2100,"Venezuela, RB",2001,4560.0,2.779,71.201,20.9,13.04
2101,"Venezuela, RB",2000,4080.0,2.822,72.478,21.5,13.99
2102,"Venezuela, RB",1999,3540.0,2.867,72.254,22.4,14.53
2103,"Venezuela, RB",1998,3390.0,2.915,72.668,23.4,11.15
2104,"Venezuela, RB",1997,3440.0,2.967,72.703,24.5,11.16
2105,"Venezuela, RB",1996,3080.0,3.022,72.111,25.5,11.77
2106,"Venezuela, RB",1995,3020.0,3.082,72.143,26.3,10.24
2107,"Venezuela, RB",1994,2720.0,3.147,71.853,26.8,8.56
2108,"Venezuela, RB",1993,2830.0,3.218,71.925,27.2,6.6
2109,"Venezuela, RB",1992,2850.0,3.292,71.806,27.8,7.69
2110,"Venezuela, RB",1991,2680.0,3.37,71.832,28.6,9.45
2111,"Venezuela, RB",1990,2650.0,3.448,71.532,29.6,
